<?xml version="1.0" encoding="UTF-8"?>
<metadata xml:lang="en"><Esri><CreaDate>20170315</CreaDate><CreaTime>12265200</CreaTime><ArcGISFormat>1.0</ArcGISFormat><ArcGISstyle>FGDC CSDGM Metadata</ArcGISstyle><SyncOnce>TRUE</SyncOnce><DataProperties><lineage><Process Name="Add Field" ToolSource="c:\program files (x86)\arcgis\desktop10.4\ArcToolbox\Toolboxes\Data Management Tools.tbx\AddField" Date="20170308" Time="193724">AddField C:\User\SkyDrive\ArcMap\OSMEditor\data\BuildingAddressAssembler.gdb\buildingPolygonAddressPtJoin building TEXT # # 30 building NULLABLE NON_REQUIRED #</Process><Process Name="Add Field (2)" ToolSource="c:\program files (x86)\arcgis\desktop10.4\ArcToolbox\Toolboxes\Data Management Tools.tbx\AddField" Date="20170308" Time="193725">AddField C:\User\SkyDrive\ArcMap\OSMEditor\data\BuildingAddressAssembler.gdb\buildingPolygonAddressPtJoin building_levels TEXT # # 30 building_levels NULLABLE NON_REQUIRED #</Process><Process Name="Add Field (3)" ToolSource="c:\program files (x86)\arcgis\desktop10.4\ArcToolbox\Toolboxes\Data Management Tools.tbx\AddField" Date="20170308" Time="193730">AddField C:\User\SkyDrive\ArcMap\OSMEditor\data\BuildingAddressAssembler.gdb\buildingPolygonAddressPtJoin addr_housenumber TEXT # # 30 addr_housenumber NULLABLE NON_REQUIRED #</Process><Process Name="Add Field (4)" ToolSource="c:\program files (x86)\arcgis\desktop10.4\ArcToolbox\Toolboxes\Data Management Tools.tbx\AddField" Date="20170308" Time="193730">AddField C:\User\SkyDrive\ArcMap\OSMEditor\data\BuildingAddressAssembler.gdb\buildingPolygonAddressPtJoin addr_street TEXT # # 30 addr_street NULLABLE NON_REQUIRED #</Process><Process Name="Add Field (5)" ToolSource="c:\program files (x86)\arcgis\desktop10.4\ArcToolbox\Toolboxes\Data Management Tools.tbx\AddField" Date="20170308" Time="193730">AddField C:\User\SkyDrive\ArcMap\OSMEditor\data\BuildingAddressAssembler.gdb\buildingPolygonAddressPtJoin addr_city TEXT # # 30 addr_city NULLABLE NON_REQUIRED #</Process><Process Name="Add Field (6)" ToolSource="c:\program files (x86)\arcgis\desktop10.4\ArcToolbox\Toolboxes\Data Management Tools.tbx\AddField" Date="20170308" Time="193731">AddField C:\User\SkyDrive\ArcMap\OSMEditor\data\BuildingAddressAssembler.gdb\buildingPolygonAddressPtJoin addr_country TEXT # # 30 addr_country NULLABLE NON_REQUIRED #</Process><Process Name="Add Field (7)" ToolSource="c:\program files (x86)\arcgis\desktop10.4\ArcToolbox\Toolboxes\Data Management Tools.tbx\AddField" Date="20170308" Time="193731">AddField C:\User\SkyDrive\ArcMap\OSMEditor\data\BuildingAddressAssembler.gdb\buildingPolygonAddressPtJoin addr_postcode TEXT # # 30 addr_postcode NULLABLE NON_REQUIRED #</Process><Process Name="Add Field" ToolSource="c:\program files (x86)\arcgis\desktop10.4\ArcToolbox\Toolboxes\Data Management Tools.tbx\AddField" Date="20170308" Time="201731">AddField buildingPolygonAddressPtJoin name TEXT # # 50 name NULLABLE NON_REQUIRED #</Process><Process ToolSource="c:\program files (x86)\arcgis\desktop10.4\ArcToolbox\Toolboxes\Data Management Tools.tbx\DeleteField" Date="20170308" Time="202350">DeleteField buildingsAddressesFinal FEATURE;Count_;Min_OBJECTID;Max_OBJECTID;Min_ANUMBER;Max_ANUMBER;Min_POSI_ACCU;Max_POSI_ACCU;Min_OBJECTID_1;Max_OBJECTID_1</Process><Process ToolSource="c:\program files (x86)\arcgis\desktop10.4\ArcToolbox\Toolboxes\Data Management Tools.tbx\CalculateField" Date="20170308" Time="202601">CalculateField buildingsAddressesFinal name !name!.title() PYTHON_9.3 #</Process><Process ToolSource="c:\program files (x86)\arcgis\desktop10.4\ArcToolbox\Toolboxes\Data Management Tools.tbx\CalculateField" Date="20170308" Time="203141">CalculateField buildingsAddressesFinal addr_housenumber None PYTHON_9.3 #</Process><Process ToolSource="c:\program files (x86)\arcgis\desktop10.4\ArcToolbox\Toolboxes\Data Management Tools.tbx\CalculateField" Date="20170308" Time="203251">CalculateField buildingsAddressesFinal building "house" VB #</Process><Process ToolSource="c:\program files (x86)\arcgis\desktop10.4\ArcToolbox\Toolboxes\Data Management Tools.tbx\CalculateField" Date="20170308" Time="203306">CalculateField buildingsAddressesFinal building "house" VB #</Process><Process ToolSource="c:\program files (x86)\arcgis\desktop10.4\ArcToolbox\Toolboxes\Data Management Tools.tbx\CalculateField" Date="20170308" Time="203332">CalculateField buildingsAddressesFinal building "house" VB #</Process><Process ToolSource="c:\program files (x86)\arcgis\desktop10.4\ArcToolbox\Toolboxes\Data Management Tools.tbx\CalculateField" Date="20170308" Time="203344">CalculateField buildingsAddressesFinal building "house" VB #</Process><Process ToolSource="c:\program files (x86)\arcgis\desktop10.4\ArcToolbox\Toolboxes\Data Management Tools.tbx\CalculateField" Date="20170308" Time="203432">CalculateField buildingsAddressesFinal building "house" VB #</Process><Process ToolSource="c:\program files (x86)\arcgis\desktop10.4\ArcToolbox\Toolboxes\Data Management Tools.tbx\CalculateField" Date="20170308" Time="203458">CalculateField buildingsAddressesFinal building "house" VB #</Process><Process ToolSource="c:\program files (x86)\arcgis\desktop10.4\ArcToolbox\Toolboxes\Data Management Tools.tbx\CalculateField" Date="20170308" Time="203542">CalculateField buildingsAddressesFinal building "house" VB #</Process><Process ToolSource="c:\program files (x86)\arcgis\desktop10.4\ArcToolbox\Toolboxes\Data Management Tools.tbx\CalculateField" Date="20170308" Time="203714">CalculateField buildingsAddressesFinal building "house" VB #</Process><Process ToolSource="c:\program files (x86)\arcgis\desktop10.4\ArcToolbox\Toolboxes\Data Management Tools.tbx\CalculateField" Date="20170308" Time="203829">CalculateField buildingsAddressesFinal building "house" VB #</Process><Process ToolSource="c:\program files (x86)\arcgis\desktop10.4\ArcToolbox\Toolboxes\Data Management Tools.tbx\CalculateField" Date="20170308" Time="203949">CalculateField buildingsAddressesFinal building "house" VB #</Process><Process ToolSource="c:\program files (x86)\arcgis\desktop10.4\ArcToolbox\Toolboxes\Data Management Tools.tbx\CalculateField" Date="20170308" Time="204013">CalculateField buildingsAddressesFinal building "house" VB #</Process><Process ToolSource="c:\program files (x86)\arcgis\desktop10.4\ArcToolbox\Toolboxes\Data Management Tools.tbx\CalculateField" Date="20170308" Time="204154">CalculateField buildingsAddressesFinal building "house" VB #</Process><Process ToolSource="c:\program files (x86)\arcgis\desktop10.4\ArcToolbox\Toolboxes\Data Management Tools.tbx\CalculateField" Date="20170308" Time="204214">CalculateField buildingsAddressesFinal building "house" VB #</Process><Process ToolSource="c:\program files (x86)\arcgis\desktop10.4\ArcToolbox\Toolboxes\Data Management Tools.tbx\CalculateField" Date="20170309" Time="123353">CalculateField buildingsAddressesFinal building "house" VB #</Process><Process ToolSource="c:\program files (x86)\arcgis\desktop10.4\ArcToolbox\Toolboxes\Data Management Tools.tbx\CalculateField" Date="20170309" Time="123624">CalculateField buildingsAddressesFinal building "apartments" VB #</Process><Process ToolSource="c:\program files (x86)\arcgis\desktop10.4\ArcToolbox\Toolboxes\Data Management Tools.tbx\CalculateField" Date="20170309" Time="123659">CalculateField buildingsAddressesFinal building "apartments" VB #</Process><Process ToolSource="c:\program files (x86)\arcgis\desktop10.4\ArcToolbox\Toolboxes\Data Management Tools.tbx\CalculateField" Date="20170309" Time="123927">CalculateField buildingsAddressesFinal building "house" VB #</Process><Process ToolSource="c:\program files (x86)\arcgis\desktop10.4\ArcToolbox\Toolboxes\Data Management Tools.tbx\CalculateField" Date="20170309" Time="124049">CalculateField buildingsAddressesFinal building "house" VB #</Process><Process ToolSource="c:\program files (x86)\arcgis\desktop10.4\ArcToolbox\Toolboxes\Data Management Tools.tbx\CalculateField" Date="20170309" Time="124115">CalculateField buildingsAddressesFinal building "house" VB #</Process><Process ToolSource="c:\program files (x86)\arcgis\desktop10.4\ArcToolbox\Toolboxes\Data Management Tools.tbx\CalculateField" Date="20170309" Time="124258">CalculateField buildingsAddressesFinal building "apartment" VB #</Process><Process ToolSource="c:\program files (x86)\arcgis\desktop10.4\ArcToolbox\Toolboxes\Data Management Tools.tbx\CalculateField" Date="20170309" Time="124341">CalculateField buildingsAddressesFinal building "apartment" VB #</Process><Process ToolSource="c:\program files (x86)\arcgis\desktop10.4\ArcToolbox\Toolboxes\Data Management Tools.tbx\CalculateField" Date="20170309" Time="124405">CalculateField buildingsAddressesFinal building "house" VB #</Process><Process ToolSource="c:\program files (x86)\arcgis\desktop10.4\ArcToolbox\Toolboxes\Data Management Tools.tbx\CalculateField" Date="20170309" Time="124452">CalculateField buildingsAddressesFinal building "house" VB #</Process><Process ToolSource="c:\program files (x86)\arcgis\desktop10.4\ArcToolbox\Toolboxes\Data Management Tools.tbx\CalculateField" Date="20170309" Time="124525">CalculateField buildingsAddressesFinal building "house" VB #</Process><Process ToolSource="c:\program files (x86)\arcgis\desktop10.4\ArcToolbox\Toolboxes\Data Management Tools.tbx\CalculateField" Date="20170309" Time="124540">CalculateField buildingsAddressesFinal building "house" VB #</Process><Process ToolSource="c:\program files (x86)\arcgis\desktop10.4\ArcToolbox\Toolboxes\Data Management Tools.tbx\CalculateField" Date="20170309" Time="124632">CalculateField buildingsAddressesFinal building "house" VB #</Process><Process ToolSource="c:\program files (x86)\arcgis\desktop10.4\ArcToolbox\Toolboxes\Data Management Tools.tbx\CalculateField" Date="20170309" Time="124728">CalculateField buildingsAddressesFinal building "house" VB #</Process><Process ToolSource="c:\program files (x86)\arcgis\desktop10.4\ArcToolbox\Toolboxes\Data Management Tools.tbx\CalculateField" Date="20170309" Time="125157">CalculateField buildingsAddressesFinal building "house" VB #</Process><Process ToolSource="c:\program files (x86)\arcgis\desktop10.4\ArcToolbox\Toolboxes\Data Management Tools.tbx\CalculateField" Date="20170309" Time="125629">CalculateField buildingsAddressesFinal building "house" VB #</Process><Process ToolSource="c:\program files (x86)\arcgis\desktop10.4\ArcToolbox\Toolboxes\Data Management Tools.tbx\CalculateField" Date="20170309" Time="125722">CalculateField buildingsAddressesFinal building "house" VB #</Process><Process ToolSource="c:\program files (x86)\arcgis\desktop10.4\ArcToolbox\Toolboxes\Data Management Tools.tbx\CalculateField" Date="20170309" Time="125743">CalculateField buildingsAddressesFinal building "house" VB #</Process><Process ToolSource="c:\program files (x86)\arcgis\desktop10.4\ArcToolbox\Toolboxes\Data Management Tools.tbx\CalculateField" Date="20170309" Time="130234">CalculateField buildingsAddressesFinal building "house" VB #</Process><Process ToolSource="c:\program files (x86)\arcgis\desktop10.4\ArcToolbox\Toolboxes\Data Management Tools.tbx\CalculateField" Date="20170309" Time="130310">CalculateField buildingsAddressesFinal building "house" VB #</Process><Process ToolSource="c:\program files (x86)\arcgis\desktop10.4\ArcToolbox\Toolboxes\Data Management Tools.tbx\CalculateField" Date="20170309" Time="130426">CalculateField buildingsAddressesFinal building "house" VB #</Process><Process ToolSource="c:\program files (x86)\arcgis\desktop10.4\ArcToolbox\Toolboxes\Data Management Tools.tbx\CalculateField" Date="20170309" Time="130839">CalculateField buildingsAddressesFinal building "house" VB #</Process><Process ToolSource="c:\program files (x86)\arcgis\desktop10.4\ArcToolbox\Toolboxes\Data Management Tools.tbx\CalculateField" Date="20170309" Time="131012">CalculateField buildingsAddressesFinal building "house" VB #</Process><Process ToolSource="c:\program files (x86)\arcgis\desktop10.4\ArcToolbox\Toolboxes\Data Management Tools.tbx\CalculateField" Date="20170309" Time="131325">CalculateField buildingsAddressesFinal building "house" VB #</Process><Process ToolSource="c:\program files (x86)\arcgis\desktop10.4\ArcToolbox\Toolboxes\Data Management Tools.tbx\CalculateField" Date="20170309" Time="131453">CalculateField buildingsAddressesFinal building "house" VB #</Process><Process ToolSource="c:\program files (x86)\arcgis\desktop10.4\ArcToolbox\Toolboxes\Data Management Tools.tbx\CalculateField" Date="20170313" Time="124122">CalculateField buildingsAddressesFinal building "house" VB #</Process><Process ToolSource="c:\program files (x86)\arcgis\desktop10.4\ArcToolbox\Toolboxes\Data Management Tools.tbx\CalculateField" Date="20170313" Time="124206">CalculateField buildingsAddressesFinal building "house" VB #</Process><Process ToolSource="c:\program files (x86)\arcgis\desktop10.4\ArcToolbox\Toolboxes\Data Management Tools.tbx\CalculateField" Date="20170313" Time="124355">CalculateField buildingsAddressesFinal building "house" VB #</Process><Process ToolSource="c:\program files (x86)\arcgis\desktop10.4\ArcToolbox\Toolboxes\Data Management Tools.tbx\CalculateField" Date="20170313" Time="124529">CalculateField buildingsAddressesFinal building "house" VB #</Process><Process ToolSource="c:\program files (x86)\arcgis\desktop10.4\ArcToolbox\Toolboxes\Data Management Tools.tbx\CalculateField" Date="20170313" Time="124731">CalculateField buildingsAddressesFinal building "hangar" VB #</Process><Process ToolSource="c:\program files (x86)\arcgis\desktop10.4\ArcToolbox\Toolboxes\Data Management Tools.tbx\CalculateField" Date="20170313" Time="124818">CalculateField buildingsAddressesFinal building "hangar" VB #</Process><Process ToolSource="c:\program files (x86)\arcgis\desktop10.4\ArcToolbox\Toolboxes\Data Management Tools.tbx\CalculateField" Date="20170313" Time="125013">CalculateField buildingsAddressesFinal building "house" VB #</Process><Process ToolSource="c:\program files (x86)\arcgis\desktop10.4\ArcToolbox\Toolboxes\Data Management Tools.tbx\CalculateField" Date="20170313" Time="125121">CalculateField buildingsAddressesFinal building "house" VB #</Process><Process ToolSource="c:\program files (x86)\arcgis\desktop10.4\ArcToolbox\Toolboxes\Data Management Tools.tbx\CalculateField" Date="20170313" Time="125212">CalculateField buildingsAddressesFinal building "house" VB #</Process><Process ToolSource="c:\program files (x86)\arcgis\desktop10.4\ArcToolbox\Toolboxes\Data Management Tools.tbx\CalculateField" Date="20170313" Time="125249">CalculateField buildingsAddressesFinal building "house" VB #</Process><Process ToolSource="c:\program files (x86)\arcgis\desktop10.4\ArcToolbox\Toolboxes\Data Management Tools.tbx\CalculateField" Date="20170313" Time="125359">CalculateField buildingsAddressesFinal building "house" VB #</Process><Process ToolSource="c:\program files (x86)\arcgis\desktop10.4\ArcToolbox\Toolboxes\Data Management Tools.tbx\CalculateField" Date="20170313" Time="125439">CalculateField buildingsAddressesFinal building "apartments" VB #</Process><Process ToolSource="c:\program files (x86)\arcgis\desktop10.4\ArcToolbox\Toolboxes\Data Management Tools.tbx\CalculateField" Date="20170313" Time="125458">CalculateField buildingsAddressesFinal building "apartments" VB #</Process><Process ToolSource="c:\program files (x86)\arcgis\desktop10.4\ArcToolbox\Toolboxes\Data Management Tools.tbx\CalculateField" Date="20170313" Time="125516">CalculateField buildingsAddressesFinal building "apartments" VB #</Process><Process ToolSource="c:\program files (x86)\arcgis\desktop10.4\ArcToolbox\Toolboxes\Data Management Tools.tbx\CalculateField" Date="20170313" Time="125621">CalculateField buildingsAddressesFinal building "apartments" VB #</Process><Process ToolSource="c:\program files (x86)\arcgis\desktop10.4\ArcToolbox\Toolboxes\Data Management Tools.tbx\CalculateField" Date="20170313" Time="125635">CalculateField buildingsAddressesFinal building "house" VB #</Process><Process ToolSource="c:\program files (x86)\arcgis\desktop10.4\ArcToolbox\Toolboxes\Data Management Tools.tbx\CalculateField" Date="20170313" Time="125904">CalculateField buildingsAddressesFinal building "house" VB #</Process><Process ToolSource="c:\program files (x86)\arcgis\desktop10.4\ArcToolbox\Toolboxes\Data Management Tools.tbx\CalculateField" Date="20170313" Time="125955">CalculateField buildingsAddressesFinal building "hangar" VB #</Process><Process ToolSource="c:\program files (x86)\arcgis\desktop10.4\ArcToolbox\Toolboxes\Data Management Tools.tbx\CalculateField" Date="20170313" Time="130040">CalculateField buildingsAddressesFinal building "house" VB #</Process><Process ToolSource="c:\program files (x86)\arcgis\desktop10.4\ArcToolbox\Toolboxes\Data Management Tools.tbx\CalculateField" Date="20170313" Time="130226">CalculateField buildingsAddressesFinal building "house" VB #</Process><Process ToolSource="c:\program files (x86)\arcgis\desktop10.4\ArcToolbox\Toolboxes\Data Management Tools.tbx\CalculateField" Date="20170313" Time="130334">CalculateField buildingsAddressesFinal building "house" VB #</Process><Process ToolSource="c:\program files (x86)\arcgis\desktop10.4\ArcToolbox\Toolboxes\Data Management Tools.tbx\CalculateField" Date="20170313" Time="165543">CalculateField buildingsAddressesFinal building "house" VB #</Process><Process ToolSource="c:\program files (x86)\arcgis\desktop10.4\ArcToolbox\Toolboxes\Data Management Tools.tbx\CalculateField" Date="20170313" Time="165640">CalculateField buildingsAddressesFinal building "house" VB #</Process><Process ToolSource="c:\program files (x86)\arcgis\desktop10.4\ArcToolbox\Toolboxes\Data Management Tools.tbx\CalculateField" Date="20170313" Time="170049">CalculateField buildingsAddressesFinal building "house" VB #</Process><Process ToolSource="c:\program files (x86)\arcgis\desktop10.4\ArcToolbox\Toolboxes\Data Management Tools.tbx\CalculateField" Date="20170313" Time="170113">CalculateField buildingsAddressesFinal building "house" VB #</Process><Process ToolSource="c:\program files (x86)\arcgis\desktop10.4\ArcToolbox\Toolboxes\Data Management Tools.tbx\CalculateField" Date="20170313" Time="170611">CalculateField buildingsAddressesFinal building "house" VB #</Process><Process ToolSource="c:\program files (x86)\arcgis\desktop10.4\ArcToolbox\Toolboxes\Data Management Tools.tbx\CalculateField" Date="20170313" Time="171604">CalculateField buildingsAddressesFinal building "house" VB #</Process><Process ToolSource="c:\program files (x86)\arcgis\desktop10.4\ArcToolbox\Toolboxes\Data Management Tools.tbx\CalculateField" Date="20170313" Time="172020">CalculateField buildingsAddressesFinal building "house" VB #</Process><Process ToolSource="c:\program files (x86)\arcgis\desktop10.4\ArcToolbox\Toolboxes\Data Management Tools.tbx\CalculateField" Date="20170313" Time="172516">CalculateField buildingsAddressesFinal building "house" VB #</Process><Process ToolSource="c:\program files (x86)\arcgis\desktop10.4\ArcToolbox\Toolboxes\Data Management Tools.tbx\CalculateField" Date="20170313" Time="172558">CalculateField buildingsAddressesFinal building "house" VB #</Process><Process ToolSource="c:\program files (x86)\arcgis\desktop10.4\ArcToolbox\Toolboxes\Data Management Tools.tbx\CalculateField" Date="20170313" Time="172622">CalculateField buildingsAddressesFinal building "house" VB #</Process><Process ToolSource="c:\program files (x86)\arcgis\desktop10.4\ArcToolbox\Toolboxes\Data Management Tools.tbx\CalculateField" Date="20170313" Time="173029">CalculateField buildingsAddressesFinal building "greenhouse" VB #</Process><Process ToolSource="c:\program files (x86)\arcgis\desktop10.4\ArcToolbox\Toolboxes\Data Management Tools.tbx\CalculateField" Date="20170315" Time="104614">CalculateField buildingsAddressesFinal building "yes" VB #</Process><Process ToolSource="c:\program files (x86)\arcgis\desktop10.4\ArcToolbox\Toolboxes\Data Management Tools.tbx\CalculateField" Date="20170315" Time="112211">CalculateField buildingsAddressesFinal building none VB #</Process><Process ToolSource="c:\program files (x86)\arcgis\desktop10.4\ArcToolbox\Toolboxes\Data Management Tools.tbx\CalculateField" Date="20170315" Time="112249">CalculateField buildingsAddressesFinal building None VB #</Process><Process ToolSource="c:\program files (x86)\arcgis\desktop10.4\ArcToolbox\Toolboxes\Data Management Tools.tbx\CalculateField" Date="20170315" Time="112347">CalculateField buildingsAddressesFinal building Null VB #</Process><Process Name="Calculate Field" ToolSource="c:\program files (x86)\arcgis\desktop10.4\ArcToolbox\Toolboxes\Data Management Tools.tbx\CalculateField" Date="20170315" Time="112651">CalculateField buildingsAddressesFinal_Laye building "shed" PYTHON_9.3 #</Process><Process Name="Calculate Field (2)" ToolSource="c:\program files (x86)\arcgis\desktop10.4\ArcToolbox\Toolboxes\Data Management Tools.tbx\CalculateField" Date="20170315" Time="112655">CalculateField buildingsAddressesFinal_Laye building "garage" PYTHON_9.3 #</Process></lineage><itemProps><itemLocation><linkage Sync="TRUE">file://\\GIBBS\C$\User\SkyDrive\ArcMap\OSMEditor\data\BuildingAddressAssembler.gdb</linkage><protocol Sync="TRUE">Local Area Network</protocol></itemLocation></itemProps></DataProperties></Esri></metadata>
