<?xml version="1.0" encoding="UTF-8"?>
<metadata xml:lang="en"><Esri><CreaDate>20160329</CreaDate><CreaTime>20180500</CreaTime><ArcGISFormat>1.0</ArcGISFormat><SyncOnce>FALSE</SyncOnce><DataProperties><lineage><Process Name="Calculate Field" ToolSource="c:\program files (x86)\arcgis\desktop10.3\ArcToolbox\Toolboxes\Data Management Tools.tbx\CalculateField" Date="20160325" Time="080019">CalculateField struc_propertyinfo_buildingp1 building "apartments" PYTHON_9.3 #</Process><Process Name="Calculate Field (2)" ToolSource="c:\program files (x86)\arcgis\desktop10.3\ArcToolbox\Toolboxes\Data Management Tools.tbx\CalculateField" Date="20160325" Time="080021">CalculateField struc_propertyinfo_buildingp1 building "commercial" PYTHON_9.3 #</Process><Process Name="Calculate Field (3)" ToolSource="c:\program files (x86)\arcgis\desktop10.3\ArcToolbox\Toolboxes\Data Management Tools.tbx\CalculateField" Date="20160325" Time="080022">CalculateField struc_propertyinfo_buildingp1 building "industrial" PYTHON_9.3 #</Process><Process Name="Calculate Field (4)" ToolSource="c:\program files (x86)\arcgis\desktop10.3\ArcToolbox\Toolboxes\Data Management Tools.tbx\CalculateField" Date="20160325" Time="080024">CalculateField struc_propertyinfo_buildingp1 building "industrial" PYTHON_9.3 #</Process><Process Name="Calculate Field (5)" ToolSource="c:\program files (x86)\arcgis\desktop10.3\ArcToolbox\Toolboxes\Data Management Tools.tbx\CalculateField" Date="20160325" Time="080035">CalculateField struc_propertyinfo_buildingp1 building "house" PYTHON_9.3 #</Process><Process Name="Calculate Field (6)" ToolSource="c:\program files (x86)\arcgis\desktop10.3\ArcToolbox\Toolboxes\Data Management Tools.tbx\CalculateField" Date="20160325" Time="080037">CalculateField struc_propertyinfo_buildingp1 building "farm" PYTHON_9.3 #</Process><Process Name="Calculate Field (7)" ToolSource="c:\program files (x86)\arcgis\desktop10.3\ArcToolbox\Toolboxes\Data Management Tools.tbx\CalculateField" Date="20160325" Time="080038">CalculateField struc_propertyinfo_buildingp1 building "school" PYTHON_9.3 #</Process><Process Name="Calculate Field (8)" ToolSource="c:\program files (x86)\arcgis\desktop10.3\ArcToolbox\Toolboxes\Data Management Tools.tbx\CalculateField" Date="20160325" Time="080040">CalculateField struc_propertyinfo_buildingp1 building "church" PYTHON_9.3 #</Process><Process Name="Calculate Field (9)" ToolSource="c:\program files (x86)\arcgis\desktop10.3\ArcToolbox\Toolboxes\Data Management Tools.tbx\CalculateField" Date="20160325" Time="080042">CalculateField struc_propertyinfo_buildingp1 building "civic" PYTHON_9.3 #</Process><Process Name="Calculate Field (10)" ToolSource="c:\program files (x86)\arcgis\desktop10.3\ArcToolbox\Toolboxes\Data Management Tools.tbx\CalculateField" Date="20160325" Time="080044">CalculateField struc_propertyinfo_buildingp1 building "school" PYTHON_9.3 #</Process><Process Name="Calculate Field" ToolSource="c:\program files (x86)\arcgis\desktop10.3\ArcToolbox\Toolboxes\Data Management Tools.tbx\CalculateField" Date="20160325" Time="081826">CalculateField struc_propertyinfo_buildingp2 building_levels "1" PYTHON_9.3 #</Process><Process Name="Calculate Field (2)" ToolSource="c:\program files (x86)\arcgis\desktop10.3\ArcToolbox\Toolboxes\Data Management Tools.tbx\CalculateField" Date="20160325" Time="081829">CalculateField struc_propertyinfo_buildingp2 building_levels "2" PYTHON_9.3 #</Process><Process ToolSource="c:\program files (x86)\arcgis\desktop10.3\ArcToolbox\Toolboxes\Data Management Tools.tbx\CalculateField" Date="20160326" Time="073056">CalculateField struc_propertyinfo_buildingp_join3 building "shed" VB #</Process><Process ToolSource="c:\program files (x86)\arcgis\desktop10.3\ArcToolbox\Toolboxes\Data Management Tools.tbx\CalculateField" Date="20160326" Time="073411">CalculateField struc_propertyinfo_buildingp_join3 building "garage" VB #</Process><Process ToolSource="c:\program files (x86)\arcgis\desktop10.3\ArcToolbox\Toolboxes\Data Management Tools.tbx\CalculateField" Date="20160326" Time="080230">CalculateField struc_propertyinfo_buildingp_join3 building "shed" VB #</Process><Process Name="Calculate Field" ToolSource="c:\program files (x86)\arcgis\desktop10.3\ArcToolbox\Toolboxes\Data Management Tools.tbx\CalculateField" Date="20160326" Time="103402">CalculateField struc_propertyinfo_buildingp1 building "apartments" PYTHON_9.3 #</Process><Process Name="Calculate Field (2)" ToolSource="c:\program files (x86)\arcgis\desktop10.3\ArcToolbox\Toolboxes\Data Management Tools.tbx\CalculateField" Date="20160326" Time="103404">CalculateField struc_propertyinfo_buildingp1 building "commercial" PYTHON_9.3 #</Process><Process Name="Calculate Field (3)" ToolSource="c:\program files (x86)\arcgis\desktop10.3\ArcToolbox\Toolboxes\Data Management Tools.tbx\CalculateField" Date="20160326" Time="103406">CalculateField struc_propertyinfo_buildingp1 building "industrial" PYTHON_9.3 #</Process><Process Name="Calculate Field (4)" ToolSource="c:\program files (x86)\arcgis\desktop10.3\ArcToolbox\Toolboxes\Data Management Tools.tbx\CalculateField" Date="20160326" Time="103408">CalculateField struc_propertyinfo_buildingp1 building "industrial" PYTHON_9.3 #</Process><Process Name="Calculate Field (5)" ToolSource="c:\program files (x86)\arcgis\desktop10.3\ArcToolbox\Toolboxes\Data Management Tools.tbx\CalculateField" Date="20160326" Time="103416">CalculateField struc_propertyinfo_buildingp1 building "house" PYTHON_9.3 #</Process><Process Name="Calculate Field (6)" ToolSource="c:\program files (x86)\arcgis\desktop10.3\ArcToolbox\Toolboxes\Data Management Tools.tbx\CalculateField" Date="20160326" Time="103417">CalculateField struc_propertyinfo_buildingp1 building "farm" PYTHON_9.3 #</Process><Process Name="Calculate Field (7)" ToolSource="c:\program files (x86)\arcgis\desktop10.3\ArcToolbox\Toolboxes\Data Management Tools.tbx\CalculateField" Date="20160326" Time="103419">CalculateField struc_propertyinfo_buildingp1 building "school" PYTHON_9.3 #</Process><Process Name="Calculate Field (8)" ToolSource="c:\program files (x86)\arcgis\desktop10.3\ArcToolbox\Toolboxes\Data Management Tools.tbx\CalculateField" Date="20160326" Time="103421">CalculateField struc_propertyinfo_buildingp1 building "church" PYTHON_9.3 #</Process><Process Name="Calculate Field (9)" ToolSource="c:\program files (x86)\arcgis\desktop10.3\ArcToolbox\Toolboxes\Data Management Tools.tbx\CalculateField" Date="20160326" Time="103422">CalculateField struc_propertyinfo_buildingp1 building "civic" PYTHON_9.3 #</Process><Process Name="Calculate Field (10)" ToolSource="c:\program files (x86)\arcgis\desktop10.3\ArcToolbox\Toolboxes\Data Management Tools.tbx\CalculateField" Date="20160326" Time="103424">CalculateField struc_propertyinfo_buildingp1 building "university" PYTHON_9.3 #</Process><Process Name="Calculate Field (11)" ToolSource="c:\program files (x86)\arcgis\desktop10.3\ArcToolbox\Toolboxes\Data Management Tools.tbx\CalculateField" Date="20160326" Time="103425">CalculateField struc_propertyinfo_buildingp1 building "university" PYTHON_9.3 #</Process><Process Name="Calculate Field (12)" ToolSource="c:\program files (x86)\arcgis\desktop10.3\ArcToolbox\Toolboxes\Data Management Tools.tbx\CalculateField" Date="20160326" Time="103427">CalculateField struc_propertyinfo_buildingp1 building "commercial" PYTHON_9.3 #</Process><Process Name="Calculate Field (13)" ToolSource="c:\program files (x86)\arcgis\desktop10.3\ArcToolbox\Toolboxes\Data Management Tools.tbx\CalculateField" Date="20160326" Time="103429">CalculateField struc_propertyinfo_buildingp1 building "civic" PYTHON_9.3 #</Process><Process Name="Calculate Field (14)" ToolSource="c:\program files (x86)\arcgis\desktop10.3\ArcToolbox\Toolboxes\Data Management Tools.tbx\CalculateField" Date="20160326" Time="103430">CalculateField struc_propertyinfo_buildingp1 building "house" PYTHON_9.3 #</Process><Process Name="Calculate Field (15)" ToolSource="c:\program files (x86)\arcgis\desktop10.3\ArcToolbox\Toolboxes\Data Management Tools.tbx\CalculateField" Date="20160326" Time="103432">CalculateField struc_propertyinfo_buildingp1 building "civic" PYTHON_9.3 #</Process><Process Name="Calculate Field (16)" ToolSource="c:\program files (x86)\arcgis\desktop10.3\ArcToolbox\Toolboxes\Data Management Tools.tbx\CalculateField" Date="20160326" Time="103433">CalculateField struc_propertyinfo_buildingp1 building "civic" PYTHON_9.3 #</Process><Process Name="Calculate Field (17)" ToolSource="c:\program files (x86)\arcgis\desktop10.3\ArcToolbox\Toolboxes\Data Management Tools.tbx\CalculateField" Date="20160326" Time="103435">CalculateField struc_propertyinfo_buildingp1 building "civic" PYTHON_9.3 #</Process><Process Name="Calculate Field (18)" ToolSource="c:\program files (x86)\arcgis\desktop10.3\ArcToolbox\Toolboxes\Data Management Tools.tbx\CalculateField" Date="20160326" Time="103436">CalculateField struc_propertyinfo_buildingp1 building "civic" PYTHON_9.3 #</Process><Process Name="Calculate Field (19)" ToolSource="c:\program files (x86)\arcgis\desktop10.3\ArcToolbox\Toolboxes\Data Management Tools.tbx\CalculateField" Date="20160326" Time="103438">CalculateField struc_propertyinfo_buildingp1 building "civic" PYTHON_9.3 #</Process><Process Name="Calculate Field (20)" ToolSource="c:\program files (x86)\arcgis\desktop10.3\ArcToolbox\Toolboxes\Data Management Tools.tbx\CalculateField" Date="20160326" Time="103440">CalculateField struc_propertyinfo_buildingp1 building "hospital" PYTHON_9.3 #</Process><Process Name="Calculate Field (21)" ToolSource="c:\program files (x86)\arcgis\desktop10.3\ArcToolbox\Toolboxes\Data Management Tools.tbx\CalculateField" Date="20160326" Time="103441">CalculateField struc_propertyinfo_buildingp1 building "train_station" PYTHON_9.3 #</Process><Process Name="Calculate Field (22)" ToolSource="c:\program files (x86)\arcgis\desktop10.3\ArcToolbox\Toolboxes\Data Management Tools.tbx\CalculateField" Date="20160326" Time="103443">CalculateField struc_propertyinfo_buildingp1 building "house" PYTHON_9.3 #</Process><Process Name="Calculate Field (23)" ToolSource="c:\program files (x86)\arcgis\desktop10.3\ArcToolbox\Toolboxes\Data Management Tools.tbx\CalculateField" Date="20160326" Time="103444">CalculateField struc_propertyinfo_buildingp1 building "civic" PYTHON_9.3 #</Process><Process Name="Calculate Field (24)" ToolSource="c:\program files (x86)\arcgis\desktop10.3\ArcToolbox\Toolboxes\Data Management Tools.tbx\CalculateField" Date="20160326" Time="103446">CalculateField struc_propertyinfo_buildingp1 building "house" PYTHON_9.3 #</Process><Process Name="Calculate Field (25)" ToolSource="c:\program files (x86)\arcgis\desktop10.3\ArcToolbox\Toolboxes\Data Management Tools.tbx\CalculateField" Date="20160326" Time="103447">CalculateField struc_propertyinfo_buildingp1 building "house" PYTHON_9.3 #</Process><Process Name="Calculate Field (26)" ToolSource="c:\program files (x86)\arcgis\desktop10.3\ArcToolbox\Toolboxes\Data Management Tools.tbx\CalculateField" Date="20160326" Time="103449">CalculateField struc_propertyinfo_buildingp1 building "house" PYTHON_9.3 #</Process><Process Name="Calculate Field" ToolSource="c:\program files (x86)\arcgis\desktop10.3\ArcToolbox\Toolboxes\Data Management Tools.tbx\CalculateField" Date="20160326" Time="104215">CalculateField struc_propertyinfo_buildingp1 building "shed" PYTHON_9.3 #</Process><Process Name="Calculate Field (2)" ToolSource="c:\program files (x86)\arcgis\desktop10.3\ArcToolbox\Toolboxes\Data Management Tools.tbx\CalculateField" Date="20160326" Time="104217">CalculateField struc_propertyinfo_buildingp1 building "garage" PYTHON_9.3 #</Process><Process ToolSource="c:\program files (x86)\arcgis\desktop10.3\ArcToolbox\Toolboxes\Data Management Tools.tbx\CalculateField" Date="20160326" Time="134216">CalculateField struc_propertyinfo_buildingp_join3 building "house" VB #</Process><Process ToolSource="c:\program files (x86)\arcgis\desktop10.3\ArcToolbox\Toolboxes\Data Management Tools.tbx\CalculateField" Date="20160327" Time="080316">CalculateField struc_propertyinfo_buildingp_join3 building_levels "1" VB #</Process><Process ToolSource="c:\program files (x86)\arcgis\desktop10.3\ArcToolbox\Toolboxes\Data Management Tools.tbx\CalculateField" Date="20160327" Time="080358">CalculateField struc_propertyinfo_buildingp_join3 building_levels "2" VB #</Process><Process ToolSource="c:\program files (x86)\arcgis\desktop10.3\ArcToolbox\Toolboxes\Data Management Tools.tbx\CalculateField" Date="20160329" Time="122444">CalculateField struc_propertyinfo_buildingp_join3 building "house" VB #</Process><Process Name="Feature Class to Feature Class" ToolSource="c:\program files (x86)\arcgis\desktop10.3\ArcToolbox\Toolboxes\Conversion Tools.tbx\FeatureClassToFeatureClass" Date="20160329" Time="122548">FeatureClassToFeatureClass C:\User\SkyDrive\ArcMap\OSMEditor\data\BuildingAddressAssembler.gdb\struc_propertyinfo_buildingp_join3 C:\User\SkyDrive\ArcMap\OSMEditor\data\BuildingAddressAssembler.gdb DCBuilds # "building "building" true true false 30 Text 0 0 ,First,#,C:\User\SkyDrive\ArcMap\OSMEditor\data\BuildingAddressAssembler.gdb\struc_propertyinfo_buildingp_join3,building,-1,-1;building_levels "building_levels" true true false 30 Text 0 0 ,First,#,C:\User\SkyDrive\ArcMap\OSMEditor\data\BuildingAddressAssembler.gdb\struc_propertyinfo_buildingp_join3,building_levels,-1,-1;addr_housenumber "addr_housenumber" true true false 30 Text 0 0 ,First,#,C:\User\SkyDrive\ArcMap\OSMEditor\data\BuildingAddressAssembler.gdb\struc_propertyinfo_buildingp_join3,addr_housenumber,-1,-1;addr_street "addr_street" true true false 30 Text 0 0 ,First,#,C:\User\SkyDrive\ArcMap\OSMEditor\data\BuildingAddressAssembler.gdb\struc_propertyinfo_buildingp_join3,addr_street,-1,-1;addr_city "addr_city" true true false 30 Text 0 0 ,First,#,C:\User\SkyDrive\ArcMap\OSMEditor\data\BuildingAddressAssembler.gdb\struc_propertyinfo_buildingp_join3,addr_city,-1,-1;addr_country "addr_country" true true false 30 Text 0 0 ,First,#,C:\User\SkyDrive\ArcMap\OSMEditor\data\BuildingAddressAssembler.gdb\struc_propertyinfo_buildingp_join3,addr_country,-1,-1;addr_postcode "addr_postcode" true true false 30 Text 0 0 ,First,#,C:\User\SkyDrive\ArcMap\OSMEditor\data\BuildingAddressAssembler.gdb\struc_propertyinfo_buildingp_join3,addr_postcode,-1,-1;source "source" true true false 30 Text 0 0 ,First,#,C:\User\SkyDrive\ArcMap\OSMEditor\data\BuildingAddressAssembler.gdb\struc_propertyinfo_buildingp_join3,source,-1,-1" #</Process><Process ToolSource="c:\program files (x86)\arcgis\desktop10.3\ArcToolbox\Toolboxes\Data Management Tools.tbx\DeleteField" Date="20160329" Time="201846">DeleteField C:\User\SkyDrive\ArcMap\OSMEditor\sampleData\block_2019.shp OBJECTID;Shape_Leng;Shape_Area</Process></lineage><itemProps><itemName Sync="TRUE">DCBuilds</itemName><imsContentType Sync="TRUE">002</imsContentType><itemLocation><linkage Sync="TRUE">file://\\GIBBS\C$\User\SkyDrive\ArcMap\OSMEditor\data\BuildingAddressAssembler.gdb</linkage><protocol Sync="TRUE">Local Area Network</protocol></itemLocation></itemProps><coordRef><type Sync="TRUE">Projected</type><geogcsn Sync="TRUE">GCS_MN_Dakota</geogcsn><csUnits Sync="TRUE">Linear Unit: Foot_US (0.304801)</csUnits><projcsn Sync="TRUE">MN_Dakota_Lambert_Conformal_Conic</projcsn><peXml Sync="TRUE">&lt;ProjectedCoordinateSystem xsi:type='typens:ProjectedCoordinateSystem' xmlns:xsi='http://www.w3.org/2001/XMLSchema-instance' xmlns:xs='http://www.w3.org/2001/XMLSchema' xmlns:typens='http://www.esri.com/schemas/ArcGIS/10.3'&gt;&lt;WKT&gt;PROJCS[&amp;quot;MN_Dakota_Lambert_Conformal_Conic&amp;quot;,GEOGCS[&amp;quot;GCS_MN_Dakota&amp;quot;,DATUM[&amp;quot;D_MN_Dakota&amp;quot;,SPHEROID[&amp;quot;MN_Dakota&amp;quot;,6378421.989,298.2572133677353]],PRIMEM[&amp;quot;Greenwich&amp;quot;,0.0],UNIT[&amp;quot;Degree&amp;quot;,0.0174532925199433]],PROJECTION[&amp;quot;Lambert_Conformal_Conic&amp;quot;],PARAMETER[&amp;quot;False_Easting&amp;quot;,500000.0],PARAMETER[&amp;quot;False_Northing&amp;quot;,100000.0],PARAMETER[&amp;quot;Central_Meridian&amp;quot;,-93.31666666666666],PARAMETER[&amp;quot;Standard_Parallel_1&amp;quot;,44.51666666666667],PARAMETER[&amp;quot;Standard_Parallel_2&amp;quot;,44.91666666666666],PARAMETER[&amp;quot;Latitude_Of_Origin&amp;quot;,44.47194444444445],UNIT[&amp;quot;Foot_US&amp;quot;,0.3048006096012192]]&lt;/WKT&gt;&lt;XOrigin&gt;-119183999.99980859&lt;/XOrigin&gt;&lt;YOrigin&gt;-98325299.999873683&lt;/YOrigin&gt;&lt;XYScale&gt;3906.2499963620207&lt;/XYScale&gt;&lt;ZOrigin&gt;-100000&lt;/ZOrigin&gt;&lt;ZScale&gt;10000&lt;/ZScale&gt;&lt;MOrigin&gt;-100000&lt;/MOrigin&gt;&lt;MScale&gt;10000&lt;/MScale&gt;&lt;XYTolerance&gt;0.00051200000047683719&lt;/XYTolerance&gt;&lt;ZTolerance&gt;0.001&lt;/ZTolerance&gt;&lt;MTolerance&gt;0.001&lt;/MTolerance&gt;&lt;HighPrecision&gt;true&lt;/HighPrecision&gt;&lt;/ProjectedCoordinateSystem&gt;</peXml></coordRef></DataProperties><SyncDate>20160329</SyncDate><SyncTime>12251900</SyncTime><ModDate>20160329</ModDate><ModTime>12251900</ModTime></Esri><dataIdInfo><envirDesc Sync="TRUE"> Version 6.2 (Build 9200) ; Esri ArcGIS 10.3.1.4959</envirDesc><dataLang><languageCode value="eng" Sync="TRUE"></languageCode><countryCode value="USA" Sync="TRUE"></countryCode></dataLang><idCitation><resTitle Sync="TRUE">DCBuilds</resTitle><presForm><PresFormCd value="005" Sync="TRUE"></PresFormCd></presForm></idCitation><spatRpType><SpatRepTypCd value="001" Sync="TRUE"></SpatRepTypCd></spatRpType></dataIdInfo><mdLang><languageCode value="eng" Sync="TRUE"></languageCode><countryCode value="USA" Sync="TRUE"></countryCode></mdLang><distInfo><distFormat><formatName Sync="TRUE">File Geodatabase Feature Class</formatName></distFormat></distInfo><mdHrLv><ScopeCd value="005" Sync="TRUE"></ScopeCd></mdHrLv><mdHrLvName Sync="TRUE">dataset</mdHrLvName><refSysInfo><RefSystem><refSysID><identCode code="0" Sync="TRUE"></identCode></refSysID></RefSystem></refSysInfo><spatRepInfo><VectSpatRep><geometObjs Name="DCBuilds"><geoObjTyp><GeoObjTypCd value="002" Sync="TRUE"></GeoObjTypCd></geoObjTyp><geoObjCnt Sync="TRUE">0</geoObjCnt></geometObjs><topLvl><TopoLevCd value="001" Sync="TRUE"></TopoLevCd></topLvl></VectSpatRep></spatRepInfo><spdoinfo><ptvctinf><esriterm Name="DCBuilds"><efeatyp Sync="TRUE">Simple</efeatyp><efeageom code="4" Sync="TRUE"></efeageom><esritopo Sync="TRUE">FALSE</esritopo><efeacnt Sync="TRUE">0</efeacnt><spindex Sync="TRUE">TRUE</spindex><linrefer Sync="TRUE">FALSE</linrefer></esriterm></ptvctinf></spdoinfo><eainfo><detailed Name="DCBuilds"><enttyp><enttypl Sync="TRUE">DCBuilds</enttypl><enttypt Sync="TRUE">Feature Class</enttypt><enttypc Sync="TRUE">0</enttypc></enttyp><attr><attrlabl Sync="TRUE">OBJECTID</attrlabl><attalias Sync="TRUE">OBJECTID</attalias><attrtype Sync="TRUE">OID</attrtype><attwidth Sync="TRUE">4</attwidth><atprecis Sync="TRUE">0</atprecis><attscale Sync="TRUE">0</attscale><attrdef Sync="TRUE">Internal feature number.</attrdef><attrdefs Sync="TRUE">Esri</attrdefs><attrdomv><udom Sync="TRUE">Sequential unique whole numbers that are automatically generated.</udom></attrdomv></attr><attr><attrlabl Sync="TRUE">Shape</attrlabl><attalias Sync="TRUE">Shape</attalias><attrtype Sync="TRUE">Geometry</attrtype><attwidth Sync="TRUE">0</attwidth><atprecis Sync="TRUE">0</atprecis><attscale Sync="TRUE">0</attscale><attrdef Sync="TRUE">Feature geometry.</attrdef><attrdefs Sync="TRUE">Esri</attrdefs><attrdomv><udom Sync="TRUE">Coordinates defining the features.</udom></attrdomv></attr><attr><attrlabl Sync="TRUE">building</attrlabl><attalias Sync="TRUE">building</attalias><attrtype Sync="TRUE">String</attrtype><attwidth Sync="TRUE">30</attwidth><atprecis Sync="TRUE">0</atprecis><attscale Sync="TRUE">0</attscale></attr><attr><attrlabl Sync="TRUE">building_levels</attrlabl><attalias Sync="TRUE">building_levels</attalias><attrtype Sync="TRUE">String</attrtype><attwidth Sync="TRUE">30</attwidth><atprecis Sync="TRUE">0</atprecis><attscale Sync="TRUE">0</attscale></attr><attr><attrlabl Sync="TRUE">addr_housenumber</attrlabl><attalias Sync="TRUE">addr_housenumber</attalias><attrtype Sync="TRUE">String</attrtype><attwidth Sync="TRUE">30</attwidth><atprecis Sync="TRUE">0</atprecis><attscale Sync="TRUE">0</attscale></attr><attr><attrlabl Sync="TRUE">addr_street</attrlabl><attalias Sync="TRUE">addr_street</attalias><attrtype Sync="TRUE">String</attrtype><attwidth Sync="TRUE">30</attwidth><atprecis Sync="TRUE">0</atprecis><attscale Sync="TRUE">0</attscale></attr><attr><attrlabl Sync="TRUE">addr_city</attrlabl><attalias Sync="TRUE">addr_city</attalias><attrtype Sync="TRUE">String</attrtype><attwidth Sync="TRUE">30</attwidth><atprecis Sync="TRUE">0</atprecis><attscale Sync="TRUE">0</attscale></attr><attr><attrlabl Sync="TRUE">addr_country</attrlabl><attalias Sync="TRUE">addr_country</attalias><attrtype Sync="TRUE">String</attrtype><attwidth Sync="TRUE">30</attwidth><atprecis Sync="TRUE">0</atprecis><attscale Sync="TRUE">0</attscale></attr><attr><attrlabl Sync="TRUE">addr_postcode</attrlabl><attalias Sync="TRUE">addr_postcode</attalias><attrtype Sync="TRUE">String</attrtype><attwidth Sync="TRUE">30</attwidth><atprecis Sync="TRUE">0</atprecis><attscale Sync="TRUE">0</attscale></attr><attr><attrlabl Sync="TRUE">source</attrlabl><attalias Sync="TRUE">source</attalias><attrtype Sync="TRUE">String</attrtype><attwidth Sync="TRUE">30</attwidth><atprecis Sync="TRUE">0</atprecis><attscale Sync="TRUE">0</attscale></attr><attr><attrlabl Sync="TRUE">Shape_Length</attrlabl><attalias Sync="TRUE">Shape_Length</attalias><attrtype Sync="TRUE">Double</attrtype><attwidth Sync="TRUE">8</attwidth><atprecis Sync="TRUE">0</atprecis><attscale Sync="TRUE">0</attscale><attrdef Sync="TRUE">Length of feature in internal units.</attrdef><attrdefs Sync="TRUE">Esri</attrdefs><attrdomv><udom Sync="TRUE">Positive real numbers that are automatically generated.</udom></attrdomv></attr><attr><attrlabl Sync="TRUE">Shape_Area</attrlabl><attalias Sync="TRUE">Shape_Area</attalias><attrtype Sync="TRUE">Double</attrtype><attwidth Sync="TRUE">8</attwidth><atprecis Sync="TRUE">0</atprecis><attscale Sync="TRUE">0</attscale><attrdef Sync="TRUE">Area of feature in internal units squared.</attrdef><attrdefs Sync="TRUE">Esri</attrdefs><attrdomv><udom Sync="TRUE">Positive real numbers that are automatically generated.</udom></attrdomv></attr></detailed></eainfo><mdDateSt Sync="TRUE">20160329</mdDateSt></metadata>
